Workbook

Sheet ticket
A1: ticket_id | B1: created_at | C1: closed_at | D1: outlet_id | E1: cms_id
A2: isu-sjd-457 | B2: 2021-08-19 16:45:43 | C2: 2021-08-22 12:33:32 | D2: wrqy-juv-978 | E2: vew-iuvd-12
A3: qer-fal-092 | B3: 2021-08-21 11:09:22 | C3: 2021-08-21 17:13:45 | D3: 8woh-k3u-23b | E3: cms-001
A4: abc-123-xyz | B4: 2021-08-21 09:00:00 | C4: 2021-08-21 09:45:00 | D4: wrqy-juv-978 | E4: cms-002
A5: def-456-uvw | B5: 2021-08-22 08:30:00 | C5: 2021-08-23 10:00:00 | D5: outlet-003 | E5: cms-003
A6: ghi-789-rst | B6: 2021-08-23 14:00:00 | C6: 2021-08-23 14:55:00 | D6: 8woh-k3u-23b | E6: cms-004
A7: jkl-012-opq | B7: 2021-08-24 10:15:00 | C7: 2021-08-24 10:50:00 | D7: outlet-003 | E7: cms-005
A8: mno-345-lmn | B8: 2021-08-25 07:00:00 | C8: 2021-08-26 08:00:00 | D8: wrqy-juv-978 | E8: cms-006
A9: pqr-678-ijk | B9: 2021-08-25 13:30:00 | C9: 2021-08-25 13:58:00 | D9: 8woh-k3u-23b | E9: cms-007

Sheet feedbacks
A1: cms_id | B1: feedback_at | C1: feedback_rating | D1: ticket_created_at
A2: vew-iuvd-12 | B2: 2021-08-21 13:26:48 | C2: 3 | D2: =IFERROR(INDEX(ticket!B:B,MATCH(A2,ticket!E:E,0)),"") -> 2021-08-19 16:45:43
A3: cms-001 | B3: 2021-08-22 09:00:00 | C3: 5 | D3: =IFERROR(INDEX(ticket!B:B,MATCH(A3,ticket!E:E,0)),"") -> 2021-08-21 11:09:22
A4: cms-002 | B4: 2021-08-21 10:30:00 | C4: 4 | D4: =IFERROR(INDEX(ticket!B:B,MATCH(A4,ticket!E:E,0)),"") -> 2021-08-21 09:00:00
A5: cms-003 | B5: 2021-08-23 11:00:00 | C5: 2 | D5: =IFERROR(INDEX(ticket!B:B,MATCH(A5,ticket!E:E,0)),"") -> 2021-08-22 08:30:00
A6: cms-004 | B6: 2021-08-23 16:00:00 | C6: 5 | D6: =IFERROR(INDEX(ticket!B:B,MATCH(A6,ticket!E:E,0)),"") -> 2021-08-23 14:00:00
A7: cms-005 | B7: 2021-08-24 12:00:00 | C7: 3 | D7: =IFERROR(INDEX(ticket!B:B,MATCH(A7,ticket!E:E,0)),"") -> 2021-08-24 10:15:00
A8: cms-006 | B8: 2021-08-26 09:00:00 | C8: 4 | D8: =IFERROR(INDEX(ticket!B:B,MATCH(A8,ticket!E:E,0)),"") -> 2021-08-25 07:00:00
A9: cms-007 | B9: 2021-08-25 15:00:00 | C9: 5 | D9: =IFERROR(INDEX(ticket!B:B,MATCH(A9,ticket!E:E,0)),"") -> 2021-08-25 13:30:00

Sheet Helper_Columns
A1: Ticket Analysis — Helper Columns (Spreadsheet Q2)
A2: ticket_id | B2: created_at | C2: closed_at | D2: outlet_id | E2: cms_id | F2: Same_Day? | G2: Same_Hour?
A3: isu-sjd-457 | B3: 2021-08-19 16:45:43 | C3: 2021-08-22 12:33:32 | D3: wrqy-juv-978 | E3: vew-iuvd-12 | F3: =IF(INT(B3)=INT(C3),TRUE(),FALSE()) -> FALSE | G3: =IF(TEXT(B3,"YYYY-MM-DD HH")=TEXT(C3,"YYYY-MM-DD HH"),TRUE(),FALSE()) -> FALSE
A4: qer-fal-092 | B4: 2021-08-21 11:09:22 | C4: 2021-08-21 17:13:45 | D4: 8woh-k3u-23b | E4: cms-001 | F4: =IF(INT(B4)=INT(C4),TRUE(),FALSE()) -> TRUE | G4: =IF(TEXT(B4,"YYYY-MM-DD HH")=TEXT(C4,"YYYY-MM-DD HH"),TRUE(),FALSE()) -> FALSE
A5: abc-123-xyz | B5: 2021-08-21 09:00:00 | C5: 2021-08-21 09:45:00 | D5: wrqy-juv-978 | E5: cms-002 | F5: =IF(INT(B5)=INT(C5),TRUE(),FALSE()) -> TRUE | G5: =IF(TEXT(B5,"YYYY-MM-DD HH")=TEXT(C5,"YYYY-MM-DD HH"),TRUE(),FALSE()) -> TRUE
A6: def-456-uvw | B6: 2021-08-22 08:30:00 | C6: 2021-08-23 10:00:00 | D6: outlet-003 | E6: cms-003 | F6: =IF(INT(B6)=INT(C6),TRUE(),FALSE()) -> FALSE | G6: =IF(TEXT(B6,"YYYY-MM-DD HH")=TEXT(C6,"YYYY-MM-DD HH"),TRUE(),FALSE()) -> FALSE
A7: ghi-789-rst | B7: 2021-08-23 14:00:00 | C7: 2021-08-23 14:55:00 | D7: 8woh-k3u-23b | E7: cms-004 | F7: =IF(INT(B7)=INT(C7),TRUE(),FALSE()) -> TRUE | G7: =IF(TEXT(B7,"YYYY-MM-DD HH")=TEXT(C7,"YYYY-MM-DD HH"),TRUE(),FALSE()) -> TRUE
A8: jkl-012-opq | B8: 2021-08-24 10:15:00 | C8: 2021-08-24 10:50:00 | D8: outlet-003 | E8: cms-005 | F8: =IF(INT(B8)=INT(C8),TRUE(),FALSE()) -> TRUE | G8: =IF(TEXT(B8,"YYYY-MM-DD HH")=TEXT(C8,"YYYY-MM-DD HH"),TRUE(),FALSE()) -> TRUE
A9: mno-345-lmn | B9: 2021-08-25 07:00:00 | C9: 2021-08-26 08:00:00 | D9: wrqy-juv-978 | E9: cms-006 | F9: =IF(INT(B9)=INT(C9),TRUE(),FALSE()) -> FALSE | G9: =IF(TEXT(B9,"YYYY-MM-DD HH")=TEXT(C9,"YYYY-MM-DD HH"),TRUE(),FALSE()) -> FALSE
A10: pqr-678-ijk | B10: 2021-08-25 13:30:00 | C10: 2021-08-25 13:58:00 | D10: 8woh-k3u-23b | E10: cms-007 | F10: =IF(INT(B10)=INT(C10),TRUE(),FALSE()) -> TRUE | G10: =IF(TEXT(B10,"YYYY-MM-DD HH")=TEXT(C10,"YYYY-MM-DD HH"),TRUE(),FALSE()) -> TRUE

Sheet Q2_Analysis
A1: Outlet-wise Ticket Analysis (Q2a: Same Day | Q2b: Same Hour)
A3: Q2a: Tickets Created & Closed on the SAME DAY
A4: Outlet ID | B4: Same Day Count
A5: 8woh-k3u-23b | B5: =COUNTIFS(Helper_Columns!D$3:D$100,A5,Helper_Columns!F$3:F$100,TRUE()) -> 3
A6: outlet-003 | B6: =COUNTIFS(Helper_Columns!D$3:D$100,A6,Helper_Columns!F$3:F$100,TRUE()) -> 1
A7: wrqy-juv-978 | B7: =COUNTIFS(Helper_Columns!D$3:D$100,A7,Helper_Columns!F$3:F$100,TRUE()) -> 1
A10: Q2b: Tickets Created & Closed in the SAME HOUR of the Same Day
A11: Outlet ID | B11: Same Hour Count
A12: 8woh-k3u-23b | B12: =COUNTIFS(Helper_Columns!D$3:D$100,A12,Helper_Columns!G$3:G$100,TRUE()) -> 2
A13: outlet-003 | B13: =COUNTIFS(Helper_Columns!D$3:D$100,A13,Helper_Columns!G$3:G$100,TRUE()) -> 1
A14: wrqy-juv-978 | B14: =COUNTIFS(Helper_Columns!D$3:D$100,A14,Helper_Columns!G$3:G$100,TRUE()) -> 1

Sheet Formula_Reference
A1: Spreadsheet Formula Reference — PlatinumRx Assignment
A3: Sheet | B3: Formula | C3: Purpose
A4: feedbacks (D2:D9) | B4: =IFERROR(INDEX(ticket!B:B,MATCH(A2,ticket!E:E,0)),"") | C4: Q1: Pulls ticket created_at into feedbacks using cms_id as key
A5: Helper_Columns (F3:F10) | B5: COUNTIFS(Helper_Columns!D3:D100,A5,Helper_Columns!F3:F100,TRUE) | C5: Q2a: TRUE if ticket created & closed on the same calendar day
A6: Helper_Columns (G3:G10) | B6: IFERROR(INDEX(ticket!B:B,MATCH(A2,ticket!E:E,0)),"") | C6: Q2b: TRUE if ticket created & closed within the same hour
A7: Q2_Analysis (B5:B7) | B7: IF(INT(B3)=INT(C3),TRUE,FALSE) | C7: Q2a: Count of same-day tickets per outlet
A8: Q2_Analysis (B12:B14) | B8: IF(TEXT(B3,"YYYY-MM-DD HH")=TEXT(C3,"YYYY-MM-DD HH"),TRUE,FALSE) | C8: Q2b: Count of same-hour tickets per outlet
B9: COUNTIFS(Helper_Columns!D3:D100,A12,Helper_Columns!G3:G100,TRUE)
